action,status,split,current_label,new_label,file,instance_id,source_class_id,reason,reviewer
relabel,already_correct,train,no_parking,no_parking,data/processed/emtd_classification/train/no_parking/emtd_009e580a009c7377_001.jpg,emtd_009e580a009c7377_001,21,owner review: maximum_speed crop is no parking,owner
relabel,already_correct,train,maximum_speed,maximum_speed,data/processed/emtd_classification/train/maximum_speed/emtd_009e580a009c7377_003.jpg,emtd_009e580a009c7377_003,29,owner review: no_parking crop is speed limit 50,owner
relabel,already_correct,train,merge_left,merge_left,data/processed/emtd_classification/train/merge_left/emtd_030c8af46287be06_002.jpg,emtd_030c8af46287be06_002,57,owner follow-up review: side_road_left crop is merge-left sign,owner
relabel,already_correct,train,maximum_speed,maximum_speed,data/processed/emtd_classification/train/maximum_speed/emtd_04128cdf51be3987_001.jpg,emtd_04128cdf51be3987_001,16,owner follow-up review: height_restriction crop is maximum speed,owner
relabel,already_correct,train,height_restriction,height_restriction,data/processed/emtd_classification/train/height_restriction/emtd_04128cdf51be3987_002.jpg,emtd_04128cdf51be3987_002,21,owner review: maximum_speed crop is height restriction,owner
relabel,already_correct,test,maximum_speed,maximum_speed,data/processed/emtd_classification/test/maximum_speed/emtd_05c11e440bceae36_001.jpg,emtd_05c11e440bceae36_001,16,owner follow-up review: height_restriction crop is maximum speed,owner
relabel,already_correct,test,height_restriction,height_restriction,data/processed/emtd_classification/test/height_restriction/emtd_05c11e440bceae36_002.jpg,emtd_05c11e440bceae36_002,21,owner review: maximum_speed crop is height restriction,owner
relabel,already_correct,validation,no_stopping,no_stopping,data/processed/emtd_classification/validation/no_stopping/emtd_0a80e5fcdaaf3765_003.jpg,emtd_0a80e5fcdaaf3765_003,30,owner follow-up review: height_restriction crop is no stopping,owner
relabel,already_correct,train,no_parking,no_parking,data/processed/emtd_classification/train/no_parking/emtd_0c571b3b7d5bcf8d_001.jpg,emtd_0c571b3b7d5bcf8d_001,14,owner follow-up review: height_restriction crop is no parking,owner
relabel,already_correct,train,height_restriction,height_restriction,data/processed/emtd_classification/train/height_restriction/emtd_0c571b3b7d5bcf8d_003.jpg,emtd_0c571b3b7d5bcf8d_003,29,owner review: no_parking crop is height restriction,owner
relabel,already_correct,train,no_stopping,no_stopping,data/processed/emtd_classification/train/no_stopping/emtd_110456139d0a1273_002.jpg,emtd_110456139d0a1273_002,30,owner follow-up review: height_restriction crop is no stopping,owner
relabel,already_correct,train,merge_right,merge_right,data/processed/emtd_classification/train/merge_right/emtd_1db3d5c40c201627_002.jpg,emtd_1db3d5c40c201627_002,56,owner follow-up review: side_road_right crop is merge-right sign,owner
relabel,already_correct,train,merge_left,merge_left,data/processed/emtd_classification/train/merge_left/emtd_1ec87425fce92b2f_001.jpg,emtd_1ec87425fce92b2f_001,57,owner follow-up review: side_road_left crop is merge-left sign,owner
relabel,already_correct,test,merge_left,merge_left,data/processed/emtd_classification/test/merge_left/emtd_1f2671d8396a5778_003.jpg,emtd_1f2671d8396a5778_003,57,owner follow-up review: side_road_left crop is merge-left sign,owner
relabel,already_correct,train,merge_left,merge_left,data/processed/emtd_classification/train/merge_left/emtd_20923a7ba318eb58_004.jpg,emtd_20923a7ba318eb58_004,57,owner follow-up review: side_road_left crop is merge-left sign,owner
relabel,already_correct,validation,no_stopping,no_stopping,data/processed/emtd_classification/validation/no_stopping/emtd_214262c5339b209c_002.jpg,emtd_214262c5339b209c_002,30,owner follow-up review: height_restriction crop is no stopping,owner
relabel,already_correct,train,give_way,give_way,data/processed/emtd_classification/train/give_way/emtd_27fc894ec54867c0_001.jpg,emtd_27fc894ec54867c0_001,15,source class 15 exception: visible give-way sign,owner
relabel,already_correct,train,no_stopping,no_stopping,data/processed/emtd_classification/train/no_stopping/emtd_27fc894ec54867c0_003.jpg,emtd_27fc894ec54867c0_003,30,owner follow-up review: height_restriction crop is no stopping,owner
relabel,already_correct,train,no_stopping,no_stopping,data/processed/emtd_classification/train/no_stopping/emtd_27fc894ec54867c0_004.jpg,emtd_27fc894ec54867c0_004,31,owner visual check: give_way crop is no stopping,owner
relabel,already_correct,train,no_stopping,no_stopping,data/processed/emtd_classification/train/no_stopping/emtd_28e4e221ad933605_003.jpg,emtd_28e4e221ad933605_003,30,owner follow-up review: height_restriction crop is no stopping,owner
relabel,already_correct,train,maximum_speed,maximum_speed,data/processed/emtd_classification/train/maximum_speed/emtd_2b0800c50aaa1f8c_001.jpg,emtd_2b0800c50aaa1f8c_001,16,owner follow-up review: height_restriction crop is maximum speed,owner
relabel,already_correct,train,height_restriction,height_restriction,data/processed/emtd_classification/train/height_restriction/emtd_2b0800c50aaa1f8c_002.jpg,emtd_2b0800c50aaa1f8c_002,20,owner follow-up review: maximum_speed crop is height restriction,owner
relabel,already_correct,train,merge_left,merge_left,data/processed/emtd_classification/train/merge_left/emtd_30d3540ab66976b8_001.jpg,emtd_30d3540ab66976b8_001,57,owner follow-up review: side_road_left crop is merge-left sign,owner
relabel,already_correct,train,no_stopping,no_stopping,data/processed/emtd_classification/train/no_stopping/emtd_3888248c925e9c81_001.jpg,emtd_3888248c925e9c81_001,9,owner review: no_u_turn crop is no stopping,owner
relabel,already_correct,train,give_way,give_way,data/processed/emtd_classification/train/give_way/emtd_38cf0bbf0e297237_002.jpg,emtd_38cf0bbf0e297237_002,9,owner review: no_u_turn crop is give way,owner
relabel,already_correct,train,no_u_turn,no_u_turn,data/processed/emtd_classification/train/no_u_turn/emtd_38cf0bbf0e297237_003.jpg,emtd_38cf0bbf0e297237_003,31,owner visual check: give_way crop is no U-turn,owner
relabel,already_correct,train,merge_left,merge_left,data/processed/emtd_classification/train/merge_left/emtd_38d2092e8a2e7e09_001.jpg,emtd_38d2092e8a2e7e09_001,57,owner follow-up review: side_road_left crop is merge-left sign,owner
relabel,already_correct,train,merge_left,merge_left,data/processed/emtd_classification/train/merge_left/emtd_3b6a8f1eafa9f748_001.jpg,emtd_3b6a8f1eafa9f748_001,57,owner follow-up review: side_road_left crop is merge-left sign,owner
relabel,already_correct,test,merge_right,merge_right,data/processed/emtd_classification/test/merge_right/emtd_3ed7a222fd38cc5f_002.jpg,emtd_3ed7a222fd38cc5f_002,3,owner follow-up review: side_road_right crop is merge-right sign,owner
relabel,already_correct,test,obstruction_ahead,obstruction_ahead,data/processed/emtd_classification/test/obstruction_ahead/emtd_3ed7a222fd38cc5f_003.jpg,emtd_3ed7a222fd38cc5f_003,9,owner review: no_u_turn crop is obstruction marker,owner
relabel,already_correct,test,divided_road_begins,divided_road_begins,data/processed/emtd_classification/test/divided_road_begins/emtd_3ed7a222fd38cc5f_004.jpg,emtd_3ed7a222fd38cc5f_004,10,owner follow-up review: obstruction_ahead crop is divided road begins,owner
relabel,already_correct,test,obstruction_ahead,obstruction_ahead,data/processed/emtd_classification/test/obstruction_ahead/emtd_3ed7a222fd38cc5f_005.jpg,emtd_3ed7a222fd38cc5f_005,16,owner follow-up review: height_restriction crop is obstruction ahead,owner
relabel,already_correct,test,keep_left,keep_left,data/processed/emtd_classification/test/keep_left/emtd_3ed7a222fd38cc5f_006.jpg,emtd_3ed7a222fd38cc5f_006,16,owner follow-up review: height_restriction crop is keep left,owner
relabel,already_correct,test,general_caution,general_caution,data/processed/emtd_classification/test/general_caution/emtd_3ed7a222fd38cc5f_007.jpg,emtd_3ed7a222fd38cc5f_007,19,owner review: maximum_speed crop is general caution,owner
relabel,already_correct,test,pedestrian_crossing,pedestrian_crossing,data/processed/emtd_classification/test/pedestrian_crossing/emtd_3ed7a222fd38cc5f_008.jpg,emtd_3ed7a222fd38cc5f_008,31,owner follow-up review: obstruction_ahead crop is pedestrian crossing,owner
relabel,already_correct,test,no_entry,no_entry,data/processed/emtd_classification/test/no_entry/emtd_3ed7a222fd38cc5f_009.jpg,emtd_3ed7a222fd38cc5f_009,42,owner review: pedestrian_crossing crop is no entry,owner
relabel,already_correct,test,permitted_u_turn,permitted_u_turn,data/processed/emtd_classification/test/permitted_u_turn/emtd_3ed7a222fd38cc5f_010.jpg,emtd_3ed7a222fd38cc5f_010,46,owner visual check: general_caution crop is permitted U-turn,owner
relabel,already_correct,test,height_restriction,height_restriction,data/processed/emtd_classification/test/height_restriction/emtd_3ed7a222fd38cc5f_013.jpg,emtd_3ed7a222fd38cc5f_013,56,owner review: old merge_right crop is height restriction,owner
relabel,already_correct,test,merge_left,merge_left,data/processed/emtd_classification/test/merge_left/emtd_3ed7a222fd38cc5f_014.jpg,emtd_3ed7a222fd38cc5f_014,57,owner follow-up review: side_road_left crop is merge-left sign,owner
relabel,already_correct,test,give_way,give_way,data/processed/emtd_classification/test/give_way/emtd_3ed7a222fd38cc5f_015.jpg,emtd_3ed7a222fd38cc5f_015,62,owner review: divided_road_begins crop is give way,owner
relabel,already_correct,validation,no_stopping,no_stopping,data/processed/emtd_classification/validation/no_stopping/emtd_4486c2d99d3f2790_001.jpg,emtd_4486c2d99d3f2790_001,4,owner review: pass_either_side crop is no stopping,owner
relabel,already_correct,validation,no_stopping,no_stopping,data/processed/emtd_classification/validation/no_stopping/emtd_4486c2d99d3f2790_002.jpg,emtd_4486c2d99d3f2790_002,15,source class 15 exception: visible no-stopping sign,owner
relabel,already_correct,validation,no_stopping,no_stopping,data/processed/emtd_classification/validation/no_stopping/emtd_4486c2d99d3f2790_004.jpg,emtd_4486c2d99d3f2790_004,30,owner follow-up review: height_restriction crop is no stopping,owner
relabel,already_correct,validation,no_stopping,no_stopping,data/processed/emtd_classification/validation/no_stopping/emtd_4486c2d99d3f2790_005.jpg,emtd_4486c2d99d3f2790_005,30,owner follow-up review: height_restriction crop is no stopping,owner
relabel,already_correct,validation,vehicle_collision_hazard,vehicle_collision_hazard,data/processed/emtd_classification/validation/vehicle_collision_hazard/emtd_4486c2d99d3f2790_006.jpg,emtd_4486c2d99d3f2790_006,30,owner follow-up review: height_restriction crop is vehicle collision hazard,owner
relabel,already_correct,validation,pass_either_side,pass_either_side,data/processed/emtd_classification/validation/pass_either_side/emtd_4486c2d99d3f2790_007.jpg,emtd_4486c2d99d3f2790_007,30,owner follow-up review: height_restriction crop is pass either side,owner
relabel,already_correct,validation,no_stopping,no_stopping,data/processed/emtd_classification/validation/no_stopping/emtd_4486c2d99d3f2790_010.jpg,emtd_4486c2d99d3f2790_010,39,owner follow-up review: vehicle_collision_hazard crop is no stopping,owner
relabel,already_correct,validation,no_stopping,no_stopping,data/processed/emtd_classification/validation/no_stopping/emtd_4832e5835a0f1e95_001.jpg,emtd_4832e5835a0f1e95_001,30,owner follow-up review: height_restriction crop is no stopping,owner
relabel,already_correct,validation,no_straight_ahead,no_straight_ahead,data/processed/emtd_classification/validation/no_straight_ahead/emtd_4979f8f85583d8ec_002.jpg,emtd_4979f8f85583d8ec_002,10,owner visual check: no_entry crop has vertical prohibition bar,owner
relabel,already_correct,validation,no_straight_ahead,no_straight_ahead,data/processed/emtd_classification/validation/no_straight_ahead/emtd_4979f8f85583d8ec_003.jpg,emtd_4979f8f85583d8ec_003,10,owner visual check: no_entry crop has vertical prohibition bar,owner
relabel,already_correct,test,no_stopping,no_stopping,data/processed/emtd_classification/test/no_stopping/emtd_4a175710f8d593a0_001.jpg,emtd_4a175710f8d593a0_001,29,owner review: no_parking crop is no stopping,owner
relabel,already_correct,test,no_parking,no_parking,data/processed/emtd_classification/test/no_parking/emtd_4a175710f8d593a0_002.jpg,emtd_4a175710f8d593a0_002,29,owner follow-up review: no_stopping crop is no parking,owner
relabel,already_correct,test,no_parking,no_parking,data/processed/emtd_classification/test/no_parking/emtd_4a175710f8d593a0_003.jpg,emtd_4a175710f8d593a0_003,30,owner follow-up review: height_restriction crop is no parking,owner
relabel,already_correct,train,no_entry,no_entry,data/processed/emtd_classification/train/no_entry/emtd_4dafc2a4b3a3316b_002.jpg,emtd_4dafc2a4b3a3316b_002,9,owner review: no_u_turn crop is no entry,owner
relabel,already_correct,train,give_way,give_way,data/processed/emtd_classification/train/give_way/emtd_4dafc2a4b3a3316b_003.jpg,emtd_4dafc2a4b3a3316b_003,10,owner review: no_entry crop is give way,owner
relabel,already_correct,train,no_u_turn,no_u_turn,data/processed/emtd_classification/train/no_u_turn/emtd_4dafc2a4b3a3316b_004.jpg,emtd_4dafc2a4b3a3316b_004,10,owner review: no_entry crop is no U-turn,owner
relabel,already_correct,train,no_entry,no_entry,data/processed/emtd_classification/train/no_entry/emtd_4dafc2a4b3a3316b_005.jpg,emtd_4dafc2a4b3a3316b_005,31,owner visual check: give_way crop is no entry,owner
relabel,already_correct,train,merge_right,merge_right,data/processed/emtd_classification/train/merge_right/emtd_4dafc2a4b3a3316b_008.jpg,emtd_4dafc2a4b3a3316b_008,56,owner follow-up review: side_road_right crop is merge-right sign,owner
relabel,already_correct,train,merge_left,merge_left,data/processed/emtd_classification/train/merge_left/emtd_4dafc2a4b3a3316b_009.jpg,emtd_4dafc2a4b3a3316b_009,57,owner follow-up review: side_road_left crop is merge-left sign,owner
relabel,already_correct,validation,merge_left,merge_left,data/processed/emtd_classification/validation/merge_left/emtd_4e0edc87f7466c6a_007.jpg,emtd_4e0edc87f7466c6a_007,57,owner follow-up review: side_road_left crop is merge-left sign,owner
relabel,already_correct,train,no_stopping,no_stopping,data/processed/emtd_classification/train/no_stopping/emtd_51965458ff11aa25_001.jpg,emtd_51965458ff11aa25_001,30,owner follow-up review: height_restriction crop is no stopping,owner
relabel,already_correct,train,maximum_speed,maximum_speed,data/processed/emtd_classification/train/maximum_speed/emtd_595647f10f1a4e3e_002.jpg,emtd_595647f10f1a4e3e_002,16,owner follow-up review: height_restriction crop is maximum speed,owner
relabel,already_correct,train,height_restriction,height_restriction,data/processed/emtd_classification/train/height_restriction/emtd_595647f10f1a4e3e_003.jpg,emtd_595647f10f1a4e3e_003,21,owner follow-up review: maximum_speed crop is height restriction,owner
relabel,already_correct,test,merge_left,merge_left,data/processed/emtd_classification/test/merge_left/emtd_5959063e85e67c7b_003.jpg,emtd_5959063e85e67c7b_003,57,owner follow-up review: side_road_left crop is merge-left sign,owner
relabel,already_correct,train,maximum_speed,maximum_speed,data/processed/emtd_classification/train/maximum_speed/emtd_5975b4f591e8f67c_001.jpg,emtd_5975b4f591e8f67c_001,16,owner follow-up review: height_restriction crop is maximum speed,owner
relabel,already_correct,test,maximum_speed,maximum_speed,data/processed/emtd_classification/test/maximum_speed/emtd_5c18f71806f7f407_001.jpg,emtd_5c18f71806f7f407_001,16,owner follow-up review: height_restriction crop is maximum speed,owner
relabel,already_correct,test,height_restriction,height_restriction,data/processed/emtd_classification/test/height_restriction/emtd_5c18f71806f7f407_002.jpg,emtd_5c18f71806f7f407_002,24,source class 24 exception: visible 5.4 m height limit,owner
relabel,already_correct,train,merge_left,merge_left,data/processed/emtd_classification/train/merge_left/emtd_5df46409ee99afa6_007.jpg,emtd_5df46409ee99afa6_007,57,owner follow-up review: side_road_left crop is merge-left sign,owner
relabel,already_correct,test,maximum_speed,maximum_speed,data/processed/emtd_classification/test/maximum_speed/emtd_5f7cf79a455c49f0_002.jpg,emtd_5f7cf79a455c49f0_002,16,owner follow-up review: height_restriction crop is maximum speed,owner
relabel,already_correct,test,height_restriction,height_restriction,data/processed/emtd_classification/test/height_restriction/emtd_5f7cf79a455c49f0_004.jpg,emtd_5f7cf79a455c49f0_004,21,owner review: maximum_speed crop is height restriction,owner
relabel,already_correct,train,merge_left,merge_left,data/processed/emtd_classification/train/merge_left/emtd_5fce6e09bed7a483_003.jpg,emtd_5fce6e09bed7a483_003,57,owner follow-up review: side_road_left crop is merge-left sign,owner
relabel,already_correct,train,merge_left,merge_left,data/processed/emtd_classification/train/merge_left/emtd_5fce6e09bed7a483_004.jpg,emtd_5fce6e09bed7a483_004,57,owner follow-up review: side_road_left crop is merge-left sign,owner
relabel,already_correct,train,merge_left,merge_left,data/processed/emtd_classification/train/merge_left/emtd_5fce6e09bed7a483_005.jpg,emtd_5fce6e09bed7a483_005,57,owner follow-up review: side_road_left crop is merge-left sign,owner
relabel,already_correct,train,merge_left,merge_left,data/processed/emtd_classification/train/merge_left/emtd_606776c64a392220_002.jpg,emtd_606776c64a392220_002,57,owner follow-up review: side_road_left crop is merge-left sign,owner
relabel,already_correct,validation,merge_left,merge_left,data/processed/emtd_classification/validation/merge_left/emtd_65e9002f35db15b4_001.jpg,emtd_65e9002f35db15b4_001,57,owner follow-up review: side_road_left crop is merge-left sign,owner
relabel,already_correct,train,no_stopping,no_stopping,data/processed/emtd_classification/train/no_stopping/emtd_680f6d595734dbcd_001.jpg,emtd_680f6d595734dbcd_001,30,owner follow-up review: height_restriction crop is no stopping,owner
relabel,already_correct,train,no_stopping,no_stopping,data/processed/emtd_classification/train/no_stopping/emtd_695985373825108d_001.jpg,emtd_695985373825108d_001,30,owner follow-up review: height_restriction crop is no stopping,owner
relabel,already_correct,test,merge_right,merge_right,data/processed/emtd_classification/test/merge_right/emtd_69a204a515f07cc4_001.jpg,emtd_69a204a515f07cc4_001,3,owner follow-up review: side_road_right crop is merge-right sign,owner
relabel,already_correct,test,obstruction_ahead,obstruction_ahead,data/processed/emtd_classification/test/obstruction_ahead/emtd_69a204a515f07cc4_002.jpg,emtd_69a204a515f07cc4_002,9,owner review: no_u_turn crop is obstruction marker,owner
relabel,already_correct,test,merge_left,merge_left,data/processed/emtd_classification/test/merge_left/emtd_69a204a515f07cc4_003.jpg,emtd_69a204a515f07cc4_003,10,owner follow-up review: side_road_left crop is merge-left sign,owner
relabel,already_correct,test,merge_left,merge_left,data/processed/emtd_classification/test/merge_left/emtd_69a204a515f07cc4_004.jpg,emtd_69a204a515f07cc4_004,10,owner follow-up review: side_road_left crop is merge-left sign,owner
relabel,already_correct,test,keep_left,keep_left,data/processed/emtd_classification/test/keep_left/emtd_69a204a515f07cc4_006.jpg,emtd_69a204a515f07cc4_006,31,owner visual check: give_way crop is keep-left arrow,owner
relabel,already_correct,test,no_entry,no_entry,data/processed/emtd_classification/test/no_entry/emtd_69a204a515f07cc4_007.jpg,emtd_69a204a515f07cc4_007,42,owner review: pedestrian_crossing crop is no entry,owner
relabel,already_correct,test,no_u_turn,no_u_turn,data/processed/emtd_classification/test/no_u_turn/emtd_69a204a515f07cc4_010.jpg,emtd_69a204a515f07cc4_010,56,owner review: old merge_right crop is no U-turn,owner
relabel,already_correct,test,pedestrian_crossing,pedestrian_crossing,data/processed/emtd_classification/test/pedestrian_crossing/emtd_69a204a515f07cc4_011.jpg,emtd_69a204a515f07cc4_011,57,owner review: old merge_left crop is pedestrian crossing,owner
relabel,already_correct,test,give_way,give_way,data/processed/emtd_classification/test/give_way/emtd_69a204a515f07cc4_012.jpg,emtd_69a204a515f07cc4_012,57,owner review: old merge_left crop is give way,owner
relabel,already_correct,test,no_stopping,no_stopping,data/processed/emtd_classification/test/no_stopping/emtd_6b3bad116f3adbf1_002.jpg,emtd_6b3bad116f3adbf1_002,30,owner follow-up review: height_restriction crop is no stopping,owner
relabel,already_correct,train,merge_right,merge_right,data/processed/emtd_classification/train/merge_right/emtd_6c6336a4fe5b9a86_002.jpg,emtd_6c6336a4fe5b9a86_002,56,owner follow-up review: side_road_right crop is merge-right sign,owner
relabel,already_correct,train,no_stopping,no_stopping,data/processed/emtd_classification/train/no_stopping/emtd_6f9e795a68442be9_001.jpg,emtd_6f9e795a68442be9_001,30,owner follow-up review: height_restriction crop is no stopping,owner
relabel,already_correct,test,no_stopping,no_stopping,data/processed/emtd_classification/test/no_stopping/emtd_724032002f9a00a9_001.jpg,emtd_724032002f9a00a9_001,30,owner follow-up review: height_restriction crop is no stopping,owner
relabel,already_correct,train,no_stopping,no_stopping,data/processed/emtd_classification/train/no_stopping/emtd_744806c4a943abab_002.jpg,emtd_744806c4a943abab_002,30,owner follow-up review: height_restriction crop is no stopping,owner
relabel,already_correct,train,no_left_turn,no_left_turn,data/processed/emtd_classification/train/no_left_turn/emtd_7b1961bec90c74cc_002.jpg,emtd_7b1961bec90c74cc_002,31,owner visual check: give_way crop is no left turn,owner
relabel,already_correct,validation,maximum_speed,maximum_speed,data/processed/emtd_classification/validation/maximum_speed/emtd_803a3df237414bc0_001.jpg,emtd_803a3df237414bc0_001,9,owner review: no_u_turn crop is maximum speed,owner
relabel,already_correct,validation,no_u_turn,no_u_turn,data/processed/emtd_classification/validation/no_u_turn/emtd_803a3df237414bc0_002.jpg,emtd_803a3df237414bc0_002,22,owner review: maximum_speed crop is no U-turn,owner
relabel,already_correct,validation,no_stopping,no_stopping,data/processed/emtd_classification/validation/no_stopping/emtd_803a3df237414bc0_003.jpg,emtd_803a3df237414bc0_003,30,owner follow-up review: height_restriction crop is no stopping,owner
relabel,already_correct,train,height_restriction,height_restriction,data/processed/emtd_classification/train/height_restriction/emtd_83c81868dff163c0_001.jpg,emtd_83c81868dff163c0_001,25,owner review: maximum_speed crop is height restriction,owner
relabel,already_correct,train,maximum_speed,maximum_speed,data/processed/emtd_classification/train/maximum_speed/emtd_83c81868dff163c0_002.jpg,emtd_83c81868dff163c0_002,32,source class 32 exception: visible speed-limit sign,owner
relabel,already_correct,train,merge_left,merge_left,data/processed/emtd_classification/train/merge_left/emtd_8673f35e4b6971c2_002.jpg,emtd_8673f35e4b6971c2_002,57,owner follow-up review: side_road_left crop is merge-left sign,owner
relabel,already_correct,train,merge_right,merge_right,data/processed/emtd_classification/train/merge_right/emtd_86ce16e7b74daf8f_008.jpg,emtd_86ce16e7b74daf8f_008,56,owner follow-up review: side_road_right crop is merge-right sign,owner
relabel,already_correct,validation,obstruction_ahead,obstruction_ahead,data/processed/emtd_classification/validation/obstruction_ahead/emtd_872688bce44ccd84_002.jpg,emtd_872688bce44ccd84_002,64,owner review: divided_road_begins crop is obstruction ahead,owner
relabel,already_correct,validation,maximum_speed,maximum_speed,data/processed/emtd_classification/validation/maximum_speed/emtd_8b84acee490ad60d_001.jpg,emtd_8b84acee490ad60d_001,13,owner follow-up review: height_restriction crop is maximum speed,owner
relabel,already_correct,validation,height_restriction,height_restriction,data/processed/emtd_classification/validation/height_restriction/emtd_8b84acee490ad60d_002.jpg,emtd_8b84acee490ad60d_002,18,owner review: maximum_speed crop is height restriction,owner
relabel,already_correct,train,merge_right,merge_right,data/processed/emtd_classification/train/merge_right/emtd_90b477b11d9c37f6_001.jpg,emtd_90b477b11d9c37f6_001,56,owner follow-up review: side_road_right crop is merge-right sign,owner
relabel,already_correct,train,no_stopping,no_stopping,data/processed/emtd_classification/train/no_stopping/emtd_96c840a754c9d933_001.jpg,emtd_96c840a754c9d933_001,30,owner follow-up review: height_restriction crop is no stopping,owner
relabel,already_correct,train,merge_right,merge_right,data/processed/emtd_classification/train/merge_right/emtd_97ad7887eb642fb9_006.jpg,emtd_97ad7887eb642fb9_006,56,owner follow-up review: side_road_right crop is merge-right sign,owner
relabel,already_correct,train,merge_right,merge_right,data/processed/emtd_classification/train/merge_right/emtd_9aa7dca4b8a09a1d_002.jpg,emtd_9aa7dca4b8a09a1d_002,56,owner follow-up review: side_road_right crop is merge-right sign,owner
relabel,already_correct,validation,merge_left,merge_left,data/processed/emtd_classification/validation/merge_left/emtd_9f4c563b497eb46b_003.jpg,emtd_9f4c563b497eb46b_003,9,owner follow-up review: side_road_left crop is merge-left sign,owner
relabel,already_correct,validation,general_caution,general_caution,data/processed/emtd_classification/validation/general_caution/emtd_9f4c563b497eb46b_004.jpg,emtd_9f4c563b497eb46b_004,10,owner review: no_entry crop is general caution,owner
relabel,already_correct,validation,divided_road_begins,divided_road_begins,data/processed/emtd_classification/validation/divided_road_begins/emtd_9f4c563b497eb46b_005.jpg,emtd_9f4c563b497eb46b_005,16,owner follow-up review: height_restriction crop is divided road begins,owner
relabel,already_correct,validation,merge_left,merge_left,data/processed/emtd_classification/validation/merge_left/emtd_9f4c563b497eb46b_006.jpg,emtd_9f4c563b497eb46b_006,31,owner follow-up review: side_road_left crop is merge-left sign,owner
relabel,already_correct,validation,no_u_turn,no_u_turn,data/processed/emtd_classification/validation/no_u_turn/emtd_9f4c563b497eb46b_007.jpg,emtd_9f4c563b497eb46b_007,42,owner review: pedestrian_crossing crop is no U-turn,owner
relabel,already_correct,validation,merge_left,merge_left,data/processed/emtd_classification/validation/merge_left/emtd_9f4c563b497eb46b_008.jpg,emtd_9f4c563b497eb46b_008,46,owner follow-up review: side_road_left crop is merge-left sign,owner
relabel,already_correct,validation,give_way,give_way,data/processed/emtd_classification/validation/give_way/emtd_9f4c563b497eb46b_011.jpg,emtd_9f4c563b497eb46b_011,56,owner review: old merge_right crop is give way,owner
relabel,already_correct,validation,permitted_u_turn,permitted_u_turn,data/processed/emtd_classification/validation/permitted_u_turn/emtd_9f4c563b497eb46b_012.jpg,emtd_9f4c563b497eb46b_012,57,owner review: old merge_left crop is permitted U-turn,owner
relabel,already_correct,validation,height_restriction,height_restriction,data/processed/emtd_classification/validation/height_restriction/emtd_9f4c563b497eb46b_013.jpg,emtd_9f4c563b497eb46b_013,57,owner review: old merge_left crop is height restriction,owner
relabel,already_correct,validation,obstruction_ahead,obstruction_ahead,data/processed/emtd_classification/validation/obstruction_ahead/emtd_9f4c563b497eb46b_014.jpg,emtd_9f4c563b497eb46b_014,62,owner review: divided_road_begins crop is obstruction ahead,owner
relabel,already_correct,train,no_stopping,no_stopping,data/processed/emtd_classification/train/no_stopping/emtd_a2bb22296a921e05_001.jpg,emtd_a2bb22296a921e05_001,30,owner follow-up review: height_restriction crop is no stopping,owner
relabel,already_correct,train,merge_left,merge_left,data/processed/emtd_classification/train/merge_left/emtd_ade5e4cb73268bc1_001.jpg,emtd_ade5e4cb73268bc1_001,57,owner follow-up review: side_road_left crop is merge-left sign,owner
relabel,already_correct,validation,no_straight_ahead,no_straight_ahead,data/processed/emtd_classification/validation/no_straight_ahead/emtd_ae3c2d8d4035e435_001.jpg,emtd_ae3c2d8d4035e435_001,10,owner visual check: no_entry crop has vertical prohibition bar,owner
relabel,already_correct,validation,no_straight_ahead,no_straight_ahead,data/processed/emtd_classification/validation/no_straight_ahead/emtd_ae3c2d8d4035e435_002.jpg,emtd_ae3c2d8d4035e435_002,10,owner visual check: no_entry crop has vertical prohibition bar,owner
relabel,already_correct,validation,no_straight_ahead,no_straight_ahead,data/processed/emtd_classification/validation/no_straight_ahead/emtd_ae3c2d8d4035e435_003.jpg,emtd_ae3c2d8d4035e435_003,10,owner visual check: no_entry crop has vertical prohibition bar,owner
relabel,already_correct,validation,no_straight_ahead,no_straight_ahead,data/processed/emtd_classification/validation/no_straight_ahead/emtd_ae3c2d8d4035e435_004.jpg,emtd_ae3c2d8d4035e435_004,10,owner visual check: no_entry crop has vertical prohibition bar,owner
relabel,already_correct,validation,no_straight_ahead,no_straight_ahead,data/processed/emtd_classification/validation/no_straight_ahead/emtd_ae3c2d8d4035e435_005.jpg,emtd_ae3c2d8d4035e435_005,10,owner visual check: no_entry crop has vertical prohibition bar,owner
relabel,already_correct,validation,merge_left,merge_left,data/processed/emtd_classification/validation/merge_left/emtd_b330bbc32b124384_003.jpg,emtd_b330bbc32b124384_003,57,owner follow-up review: side_road_left crop is merge-left sign,owner
relabel,already_correct,test,merge_left,merge_left,data/processed/emtd_classification/test/merge_left/emtd_bf46fd2a09e05bed_007.jpg,emtd_bf46fd2a09e05bed_007,57,owner follow-up review: side_road_left crop is merge-left sign,owner
relabel,already_correct,validation,no_stopping,no_stopping,data/processed/emtd_classification/validation/no_stopping/emtd_c2a0f4313c3c9e12_001.jpg,emtd_c2a0f4313c3c9e12_001,30,owner follow-up review: height_restriction crop is no stopping,owner
relabel,already_correct,test,maximum_speed,maximum_speed,data/processed/emtd_classification/test/maximum_speed/emtd_c6ff2feb98444e60_001.jpg,emtd_c6ff2feb98444e60_001,16,owner follow-up review: height_restriction crop is maximum speed,owner
relabel,already_correct,test,height_restriction,height_restriction,data/processed/emtd_classification/test/height_restriction/emtd_c6ff2feb98444e60_002.jpg,emtd_c6ff2feb98444e60_002,24,source class 24 exception: visible 5.4 m height limit,owner
relabel,already_correct,train,merge_left,merge_left,data/processed/emtd_classification/train/merge_left/emtd_ccbea56843be030f_002.jpg,emtd_ccbea56843be030f_002,57,owner follow-up review: side_road_left crop is merge-left sign,owner
relabel,already_correct,train,height_restriction,height_restriction,data/processed/emtd_classification/train/height_restriction/emtd_ce9c16ca0280d757_002.jpg,emtd_ce9c16ca0280d757_002,6,owner review: stop crop is height restriction,owner
relabel,already_correct,train,stop,stop,data/processed/emtd_classification/train/stop/emtd_ce9c16ca0280d757_003.jpg,emtd_ce9c16ca0280d757_003,16,owner follow-up review: height_restriction crop is stop sign,owner
relabel,already_correct,train,merge_left,merge_left,data/processed/emtd_classification/train/merge_left/emtd_d235b581fa497e34_003.jpg,emtd_d235b581fa497e34_003,57,owner follow-up review: side_road_left crop is merge-left sign,owner
relabel,already_correct,validation,merge_right,merge_right,data/processed/emtd_classification/validation/merge_right/emtd_d81b8450e1f6b24c_006.jpg,emtd_d81b8450e1f6b24c_006,56,owner follow-up review: side_road_right crop is merge-right sign,owner
relabel,already_correct,train,merge_left,merge_left,data/processed/emtd_classification/train/merge_left/emtd_df679b3a4a2692a0_002.jpg,emtd_df679b3a4a2692a0_002,57,owner follow-up review: side_road_left crop is merge-left sign,owner
relabel,already_correct,train,weight_restriction,weight_restriction,data/processed/emtd_classification/train/weight_restriction/emtd_e88a6cbfc3b37e6b_002.jpg,emtd_e88a6cbfc3b37e6b_002,21,owner review: maximum_speed crop is weight restriction,owner
relabel,already_correct,train,maximum_speed,maximum_speed,data/processed/emtd_classification/train/maximum_speed/emtd_e88a6cbfc3b37e6b_003.jpg,emtd_e88a6cbfc3b37e6b_003,27,owner review: weight_restriction crop is speed limit 50,owner
relabel,already_correct,train,merge_left,merge_left,data/processed/emtd_classification/train/merge_left/emtd_e88f80e2db86cbb7_003.jpg,emtd_e88f80e2db86cbb7_003,57,owner follow-up review: side_road_left crop is merge-left sign,owner
relabel,already_correct,train,no_stopping,no_stopping,data/processed/emtd_classification/train/no_stopping/emtd_e922be64f6c9a29b_001.jpg,emtd_e922be64f6c9a29b_001,30,owner follow-up review: height_restriction crop is no stopping,owner
relabel,already_correct,train,merge_left,merge_left,data/processed/emtd_classification/train/merge_left/emtd_e968b703a29148d9_003.jpg,emtd_e968b703a29148d9_003,57,owner follow-up review: side_road_left crop is merge-left sign,owner
relabel,already_correct,train,give_way,give_way,data/processed/emtd_classification/train/give_way/emtd_ecf89bd784bba2e2_001.jpg,emtd_ecf89bd784bba2e2_001,30,owner follow-up review: height_restriction crop is give way,owner
relabel,already_correct,train,no_stopping,no_stopping,data/processed/emtd_classification/train/no_stopping/emtd_ecf89bd784bba2e2_002.jpg,emtd_ecf89bd784bba2e2_002,31,owner visual check: give_way crop is no stopping,owner
relabel,already_correct,validation,merge_left,merge_left,data/processed/emtd_classification/validation/merge_left/emtd_ed6369453cc5fd41_006.jpg,emtd_ed6369453cc5fd41_006,57,owner follow-up review: side_road_left crop is merge-left sign,owner
relabel,already_correct,train,no_stopping,no_stopping,data/processed/emtd_classification/train/no_stopping/emtd_eed9757fa6d6f8ad_001.jpg,emtd_eed9757fa6d6f8ad_001,30,owner follow-up review: height_restriction crop is no stopping,owner
relabel,already_correct,test,give_way,give_way,data/processed/emtd_classification/test/give_way/emtd_f032064e939cabdc_001.jpg,emtd_f032064e939cabdc_001,29,owner review: no_parking crop is give way,owner
relabel,already_correct,test,no_stopping,no_stopping,data/processed/emtd_classification/test/no_stopping/emtd_f032064e939cabdc_002.jpg,emtd_f032064e939cabdc_002,30,owner follow-up review: height_restriction crop is no stopping,owner
relabel,already_correct,test,no_parking,no_parking,data/processed/emtd_classification/test/no_parking/emtd_f032064e939cabdc_003.jpg,emtd_f032064e939cabdc_003,31,owner visual check: give_way crop is no parking,owner
relabel,already_correct,test,no_stopping,no_stopping,data/processed/emtd_classification/test/no_stopping/emtd_f43403930d9e849f_001.jpg,emtd_f43403930d9e849f_001,30,owner follow-up review: height_restriction crop is no stopping,owner
relabel,already_correct,validation,merge_right,merge_right,data/processed/emtd_classification/validation/merge_right/emtd_f46f86b31a823c41_003.jpg,emtd_f46f86b31a823c41_003,9,owner follow-up review: side_road_right crop is merge-right sign,owner
relabel,already_correct,validation,pedestrian_crossing,pedestrian_crossing,data/processed/emtd_classification/validation/pedestrian_crossing/emtd_f46f86b31a823c41_004.jpg,emtd_f46f86b31a823c41_004,10,owner follow-up review: side_road_right crop is pedestrian crossing,owner
relabel,already_correct,validation,merge_left,merge_left,data/processed/emtd_classification/validation/merge_left/emtd_f46f86b31a823c41_005.jpg,emtd_f46f86b31a823c41_005,16,owner follow-up review: side_road_left crop is merge-left sign,owner
relabel,already_correct,validation,merge_right,merge_right,data/processed/emtd_classification/validation/merge_right/emtd_f46f86b31a823c41_006.jpg,emtd_f46f86b31a823c41_006,31,owner follow-up review: side_road_right crop is merge-right sign,owner
relabel,already_correct,validation,permitted_u_turn,permitted_u_turn,data/processed/emtd_classification/validation/permitted_u_turn/emtd_f46f86b31a823c41_007.jpg,emtd_f46f86b31a823c41_007,42,owner review: pedestrian_crossing crop is permitted U-turn,owner
relabel,already_correct,validation,obstruction_ahead,obstruction_ahead,data/processed/emtd_classification/validation/obstruction_ahead/emtd_f46f86b31a823c41_010.jpg,emtd_f46f86b31a823c41_010,56,owner visual check: side_road_right crop is obstruction ahead,owner
relabel,already_correct,validation,obstruction_ahead,obstruction_ahead,data/processed/emtd_classification/validation/obstruction_ahead/emtd_f46f86b31a823c41_011.jpg,emtd_f46f86b31a823c41_011,57,owner review: old merge_left crop is obstruction marker,owner
relabel,already_correct,validation,obstruction_ahead,obstruction_ahead,data/processed/emtd_classification/validation/obstruction_ahead/emtd_f46f86b31a823c41_012.jpg,emtd_f46f86b31a823c41_012,57,owner review: old merge_left crop is obstruction marker,owner
relabel,already_correct,validation,no_entry,no_entry,data/processed/emtd_classification/validation/no_entry/emtd_f46f86b31a823c41_013.jpg,emtd_f46f86b31a823c41_013,62,owner review: divided_road_begins crop is no entry,owner
relabel,already_correct,validation,no_stopping,no_stopping,data/processed/emtd_classification/validation/no_stopping/emtd_f4c05b290ec60cf7_002.jpg,emtd_f4c05b290ec60cf7_002,29,owner review: no_parking crop is no stopping,owner
relabel,already_correct,validation,no_parking,no_parking,data/processed/emtd_classification/validation/no_parking/emtd_f4c05b290ec60cf7_003.jpg,emtd_f4c05b290ec60cf7_003,30,owner follow-up review: height_restriction crop is no parking,owner
relabel,already_correct,test,no_stopping,no_stopping,data/processed/emtd_classification/test/no_stopping/emtd_f8082107503b594d_002.jpg,emtd_f8082107503b594d_002,30,owner follow-up review: height_restriction crop is no stopping,owner
relabel,already_correct,train,merge_left,merge_left,data/processed/emtd_classification/train/merge_left/emtd_f9af889d5c2a88d0_006.jpg,emtd_f9af889d5c2a88d0_006,57,owner follow-up review: side_road_left crop is merge-left sign,owner
relabel,already_correct,test,no_stopping,no_stopping,data/processed/emtd_classification/test/no_stopping/emtd_fe3876c03658671d_002.jpg,emtd_fe3876c03658671d_002,30,owner follow-up review: height_restriction crop is no stopping,owner
relabel,already_correct,test,merge_right,merge_right,data/processed/emtd_classification/test/merge_right/emtd_fe3876c03658671d_004.jpg,emtd_fe3876c03658671d_004,56,owner follow-up review: side_road_right crop is merge-right sign,owner
relabel,already_correct,test,no_stopping,no_stopping,data/processed/emtd_classification/test/no_stopping/emtd_ff937d8340aa908c_001.jpg,emtd_ff937d8340aa908c_001,30,owner follow-up review: height_restriction crop is no stopping,owner
