stage_d_batch,semantic_sign_id,name_en,priority,required_for,minimum_clean_crops,selected_index,review_decision,review_basis,stage_d_status,crop_path,crop_sha256,crop_width,crop_height,source_group,source_dataset,source_split,source_label,source_url,license_notes,mapping_evidence,prior_review_status,dedupe_key,sanity_notes,review_notes
stage_d_steep_descent_minimum_qc,steep_descent,Steep descent,must,assignment;secondary_malaysia,50,1,accept,source_mapping_plus_stage_d_sanity_and_contact_sheet,accepted_first_pass_visual_qc,data/raw/manual_collection/stage_c_manual_01/steep_descent/crops/MAN01-SD-0032_controlled_from_MAN01-SD-0004.jpg,69003e1f45fb906e6dbb33815456e2bf0b43bae93b4d6cee7b308302a2569148,640,640,stage_c_manual_01_real_commons,controlled_visual_augmentation_from_real_photo,,"File:""Steep hill down"" road sign, Republic of Ireland - geograph.org.uk - 3041124.jpg :: controlled variant",https://commons.wikimedia.org/wiki/File:%22Steep_hill_down%22_road_sign%2C_Republic_of_Ireland_-_geograph.org.uk_-_3041124.jpg,Wikimedia Commons source; see Commons page,Visual match against assignment reference sign_040: warning sign for a steep descent/downhill gradient.,visual_match_pending_stage_d_qc,03cb1f5d460c3576f60ed0176d0c88732d0e76a229368bf02b4e517beb258ee5,readable_nonblank_640x640,Selected deterministically for Stage E candidate split freeze.
stage_d_steep_descent_minimum_qc,steep_descent,Steep descent,must,assignment;secondary_malaysia,50,2,accept,source_mapping_plus_stage_d_sanity_and_contact_sheet,accepted_first_pass_visual_qc,data/raw/manual_collection/stage_c_manual_01/steep_descent/crops/MAN01-SD-0021_controlled_from_MAN01-SD-0005.jpg,6a034267cb849fcd9e9546a9cd6880a4de317cb9b710d6cd49536f752c39265c,640,640,stage_c_manual_01_real_commons,controlled_visual_augmentation_from_real_photo,,File:Steep hill down from Cudham - geograph.org.uk - 4519325.jpg :: controlled variant,https://commons.wikimedia.org/wiki/File:Steep_hill_down_from_Cudham_-_geograph.org.uk_-_4519325.jpg,Wikimedia Commons source; see Commons page,Visual match against assignment reference sign_040: warning sign for a steep descent/downhill gradient.,visual_match_pending_stage_d_qc,075361eaf93f269897b64e23079447fa76e897d96b43078340f920b35c419f10,readable_nonblank_640x640,Selected deterministically for Stage E candidate split freeze.
stage_d_steep_descent_minimum_qc,steep_descent,Steep descent,must,assignment;secondary_malaysia,50,3,accept,source_mapping_plus_stage_d_sanity_and_contact_sheet,accepted_first_pass_visual_qc,data/raw/manual_collection/stage_c_manual_01/steep_descent/crops/MAN01-SD-0010_CN_road_sign_5-2.svg.jpg,4079728e1e20b6b7e64d1e17f3e584ec3f024580140d2a8c941d0d044dcd3157,960,850,stage_c_manual_01_real_commons,official_style_reference_diagram,,File:CN road sign 警 5-2.svg,https://commons.wikimedia.org/wiki/File:CN_road_sign_%E8%AD%A6_5-2.svg,Public domain,Visual match against assignment reference sign_040: warning sign for a steep descent/downhill gradient.,visual_match_pending_stage_d_qc,0d86e79da80802bf713943dba668cfb1fe3cd128b0982306ccae9b2515afdec4,readable_nonblank_960x850,Selected deterministically for Stage E candidate split freeze.
stage_d_steep_descent_minimum_qc,steep_descent,Steep descent,must,assignment;secondary_malaysia,50,4,accept,source_mapping_plus_stage_d_sanity_and_contact_sheet,accepted_first_pass_visual_qc,data/raw/manual_collection/stage_c_manual_01/steep_descent/crops/MAN01-SD-0015_controlled_from_MAN01-SD-0005.jpg,324e6900d241e898c0fbc43f52c90ade7e3d8f3159a9726ad30fab1b7947c119,640,640,stage_c_manual_01_real_commons,controlled_visual_augmentation_from_real_photo,,File:Steep hill down from Cudham - geograph.org.uk - 4519325.jpg :: controlled variant,https://commons.wikimedia.org/wiki/File:Steep_hill_down_from_Cudham_-_geograph.org.uk_-_4519325.jpg,Wikimedia Commons source; see Commons page,Visual match against assignment reference sign_040: warning sign for a steep descent/downhill gradient.,visual_match_pending_stage_d_qc,118ac05e1945660d4b2108480ede7cdebaa51243418ff69c77fb6218100b9bcd,readable_nonblank_640x640,Selected deterministically for Stage E candidate split freeze.
stage_d_steep_descent_minimum_qc,steep_descent,Steep descent,must,assignment;secondary_malaysia,50,5,accept,source_mapping_plus_stage_d_sanity_and_contact_sheet,accepted_first_pass_visual_qc,data/raw/manual_collection/stage_c_manual_01/steep_descent/crops/MAN01-SD-0046_controlled_from_MAN01-SD-0006.jpg,ad5122c829ce453767a85f8cce703fe7443233acbac3cbb55952b9cad6792448,640,640,stage_c_manual_01_real_commons,controlled_visual_augmentation_from_real_photo,,File:Steep hill sign on Hebden Road - geograph.org.uk - 7568455.jpg :: controlled variant,https://commons.wikimedia.org/wiki/File:Steep_hill_sign_on_Hebden_Road_-_geograph.org.uk_-_7568455.jpg,Wikimedia Commons source; see Commons page,Visual match against assignment reference sign_040: warning sign for a steep descent/downhill gradient.,visual_match_pending_stage_d_qc,118e69d04b1256909edfec37f0ee10c2d4c1f940043bdda4f6dbf5b07f9e9e88,readable_nonblank_640x640,Selected deterministically for Stage E candidate split freeze.
stage_d_steep_descent_minimum_qc,steep_descent,Steep descent,must,assignment;secondary_malaysia,50,6,accept,source_mapping_plus_stage_d_sanity_and_contact_sheet,accepted_first_pass_visual_qc,data/raw/manual_collection/stage_c_manual_01/steep_descent/crops/MAN01-SD-0040_controlled_from_MAN01-SD-0006.jpg,b68d5448df760c87c9004d7b57d3371b32c8d986d84817659528346ed5cfd51e,640,640,stage_c_manual_01_real_commons,controlled_visual_augmentation_from_real_photo,,File:Steep hill sign on Hebden Road - geograph.org.uk - 7568455.jpg :: controlled variant,https://commons.wikimedia.org/wiki/File:Steep_hill_sign_on_Hebden_Road_-_geograph.org.uk_-_7568455.jpg,Wikimedia Commons source; see Commons page,Visual match against assignment reference sign_040: warning sign for a steep descent/downhill gradient.,visual_match_pending_stage_d_qc,1206429e863170d02bb59ee1445b0d0be773934f38b204499d99d0cc2e79a9fb,readable_nonblank_640x640,Selected deterministically for Stage E candidate split freeze.
stage_d_steep_descent_minimum_qc,steep_descent,Steep descent,must,assignment;secondary_malaysia,50,7,accept,source_mapping_plus_stage_d_sanity_and_contact_sheet,accepted_first_pass_visual_qc,data/raw/manual_collection/stage_c_manual_01/steep_descent/crops/MAN01-SD-0002_Steep_descent_ahead_geograph_5197652_.jpg.jpg,bf7a4333ffb7ac77e478e304193e0a5abb2532676af66e4723bed4ded0284187,325,325,stage_c_manual_01_real_commons,real_road_photo_visual_match,,File:Steep descent ahead (geograph 5197652).jpg,https://commons.wikimedia.org/wiki/File:Steep_descent_ahead_(geograph_5197652).jpg,Wikimedia Commons source; see Commons page,Visual match against assignment reference sign_040: warning sign for a steep descent/downhill gradient.,visual_match_pending_stage_d_qc,1b7e983ebfaaff3606323f08cf17bbef4de68b54d20c9bbd1e46b2c927489d5e,readable_nonblank_325x325,Selected deterministically for Stage E candidate split freeze.
stage_d_steep_descent_minimum_qc,steep_descent,Steep descent,must,assignment;secondary_malaysia,50,8,accept,source_mapping_plus_stage_d_sanity_and_contact_sheet,accepted_first_pass_visual_qc,data/raw/manual_collection/stage_c_manual_01/steep_descent/crops/MAN01-SD-0038_controlled_from_MAN01-SD-0004.jpg,23e5e00b37a1c31f1c79e2b4bcc0f9c5b5083d77e2af3ebaa067b04257bd9b46,640,640,stage_c_manual_01_real_commons,controlled_visual_augmentation_from_real_photo,,"File:""Steep hill down"" road sign, Republic of Ireland - geograph.org.uk - 3041124.jpg :: controlled variant",https://commons.wikimedia.org/wiki/File:%22Steep_hill_down%22_road_sign%2C_Republic_of_Ireland_-_geograph.org.uk_-_3041124.jpg,Wikimedia Commons source; see Commons page,Visual match against assignment reference sign_040: warning sign for a steep descent/downhill gradient.,visual_match_pending_stage_d_qc,23e5e00b37a1c31f1c79e2b4bcc0f9c5b5083d77e2af3ebaa067b04257bd9b46,readable_nonblank_640x640,Selected deterministically for Stage E candidate split freeze.
stage_d_steep_descent_minimum_qc,steep_descent,Steep descent,must,assignment;secondary_malaysia,50,9,accept,source_mapping_plus_stage_d_sanity_and_contact_sheet,accepted_first_pass_visual_qc,data/raw/manual_collection/stage_c_manual_01/steep_descent/crops/MAN01-SD-0049_controlled_from_MAN01-SD-0009.jpg,30f138ee34f30a34c1540dca83d70ae6dc31c14b3df7384ada08a1a835446f9c,640,640,stage_c_manual_01_real_commons,controlled_visual_augmentation_from_exact_reference,,File:Cerun menurun.png :: controlled variant,https://commons.wikimedia.org/wiki/File:Cerun_menurun.png,CC BY-SA 3.0 (https://creativecommons.org/licenses/by-sa/3.0),Visual match against assignment reference sign_040: warning sign for a steep descent/downhill gradient.,visual_match_pending_stage_d_qc,30f138ee34f30a34c1540dca83d70ae6dc31c14b3df7384ada08a1a835446f9c,readable_nonblank_640x640,Selected deterministically for Stage E candidate split freeze.
stage_d_steep_descent_minimum_qc,steep_descent,Steep descent,must,assignment;secondary_malaysia,50,10,accept,source_mapping_plus_stage_d_sanity_and_contact_sheet,accepted_first_pass_visual_qc,data/raw/manual_collection/stage_c_manual_01/steep_descent/crops/MAN01-SD-0005_Steep_hill_down_from_Cudham_-_geograph.org.uk_-_4519325.jpg.jpg,896f3b3b13b6cc81ad1c20c933906ef447738508b567c38b4ec03ca1b7bf5aff,405,405,stage_c_manual_01_real_commons,real_road_photo_visual_match,,File:Steep hill down from Cudham - geograph.org.uk - 4519325.jpg,https://commons.wikimedia.org/wiki/File:Steep_hill_down_from_Cudham_-_geograph.org.uk_-_4519325.jpg,Wikimedia Commons source; see Commons page,Visual match against assignment reference sign_040: warning sign for a steep descent/downhill gradient.,visual_match_pending_stage_d_qc,31fb1a627f6ff69dd1f63019df0fee19bb5afa065a47650b2e4b5878dadb99d7,readable_nonblank_405x405,Selected deterministically for Stage E candidate split freeze.
stage_d_steep_descent_minimum_qc,steep_descent,Steep descent,must,assignment;secondary_malaysia,50,11,accept,source_mapping_plus_stage_d_sanity_and_contact_sheet,accepted_first_pass_visual_qc,data/raw/manual_collection/stage_c_manual_01/steep_descent/crops/MAN01-SD-0026_controlled_from_MAN01-SD-0004.jpg,74acb68ca415dfdc71dd8ad576b2a92364b47cc132229b384aca400a69f1cda1,640,640,stage_c_manual_01_real_commons,controlled_visual_augmentation_from_real_photo,,"File:""Steep hill down"" road sign, Republic of Ireland - geograph.org.uk - 3041124.jpg :: controlled variant",https://commons.wikimedia.org/wiki/File:%22Steep_hill_down%22_road_sign%2C_Republic_of_Ireland_-_geograph.org.uk_-_3041124.jpg,Wikimedia Commons source; see Commons page,Visual match against assignment reference sign_040: warning sign for a steep descent/downhill gradient.,visual_match_pending_stage_d_qc,358876cd657b360aef31ba48958a7ce1b0514765b2c809db6620f7552195161b,readable_nonblank_640x640,Selected deterministically for Stage E candidate split freeze.
stage_d_steep_descent_minimum_qc,steep_descent,Steep descent,must,assignment;secondary_malaysia,50,12,accept,source_mapping_plus_stage_d_sanity_and_contact_sheet,accepted_first_pass_visual_qc,data/raw/manual_collection/stage_c_manual_01/steep_descent/crops/MAN01-SD-0030_controlled_from_MAN01-SD-0001.jpg,bfcd2b471d1a18369ede2dec2ef95d09780b3973416af821b5209b1b9c7eaa82,640,640,stage_c_manual_01_real_commons,controlled_visual_augmentation_from_real_photo,,"File:Warning sign - steep descent ahead, Brecon Road, Ystradgynlais - geograph.org.uk - 6853911.jpg :: controlled variant",https://commons.wikimedia.org/wiki/File:Warning_sign_-_steep_descent_ahead%2C_Brecon_Road%2C_Ystradgynlais_-_geograph.org.uk_-_6853911.jpg,Wikimedia Commons source; see Commons page,Visual match against assignment reference sign_040: warning sign for a steep descent/downhill gradient.,visual_match_pending_stage_d_qc,38753b764f64b40b552ff6dfbe0fe442908e42c204884f6a0eb36f46b27a322f,readable_nonblank_640x640,Selected deterministically for Stage E candidate split freeze.
stage_d_steep_descent_minimum_qc,steep_descent,Steep descent,must,assignment;secondary_malaysia,50,13,accept,source_mapping_plus_stage_d_sanity_and_contact_sheet,accepted_first_pass_visual_qc,data/raw/manual_collection/stage_c_manual_01/steep_descent/crops/MAN01-SD-0024_controlled_from_MAN01-SD-0001.jpg,54a0c51d6d0894b1b8602be59770e149a0505e11cdd229c678a147d672b28dcb,640,640,stage_c_manual_01_real_commons,controlled_visual_augmentation_from_real_photo,,"File:Warning sign - steep descent ahead, Brecon Road, Ystradgynlais - geograph.org.uk - 6853911.jpg :: controlled variant",https://commons.wikimedia.org/wiki/File:Warning_sign_-_steep_descent_ahead%2C_Brecon_Road%2C_Ystradgynlais_-_geograph.org.uk_-_6853911.jpg,Wikimedia Commons source; see Commons page,Visual match against assignment reference sign_040: warning sign for a steep descent/downhill gradient.,visual_match_pending_stage_d_qc,387cb11b5e17102cd9b504e76fadd3a7282b53068144d0864e595fffdf5b98b0,readable_nonblank_640x640,Selected deterministically for Stage E candidate split freeze.
stage_d_steep_descent_minimum_qc,steep_descent,Steep descent,must,assignment;secondary_malaysia,50,14,accept,source_mapping_plus_stage_d_sanity_and_contact_sheet,accepted_first_pass_visual_qc,data/raw/manual_collection/stage_c_manual_01/steep_descent/crops/MAN01-SD-0017_controlled_from_MAN01-SD-0007.jpg,228ad631223814591a76651e21d10559dd9996c8bf37c2e2912d9a5d56e150bb,640,640,stage_c_manual_01_real_commons,controlled_visual_augmentation_from_real_photo,,"File:Steep hill sign, Woodhall Road - geograph.org.uk - 7199337.jpg :: controlled variant",https://commons.wikimedia.org/wiki/File:Steep_hill_sign%2C_Woodhall_Road_-_geograph.org.uk_-_7199337.jpg,Wikimedia Commons source; see Commons page,Visual match against assignment reference sign_040: warning sign for a steep descent/downhill gradient.,visual_match_pending_stage_d_qc,4b34efc81d62a76f64597431448f48407682448b51f19a4685c5aed32fd5a71a,readable_nonblank_640x640,Selected deterministically for Stage E candidate split freeze.
stage_d_steep_descent_minimum_qc,steep_descent,Steep descent,must,assignment;secondary_malaysia,50,15,accept,source_mapping_plus_stage_d_sanity_and_contact_sheet,accepted_first_pass_visual_qc,data/raw/manual_collection/stage_c_manual_01/steep_descent/crops/MAN01-SD-0008_Malaysia_road_sign_WD8.svg.jpg,84157d59aa6fc7d6aa42bed220e9bcf57d9ce6579672abd45ba234ba1f76be6a,960,960,stage_c_manual_01_real_commons,official_style_reference_diagram,,File:Malaysia road sign WD8.svg,https://commons.wikimedia.org/wiki/File:Malaysia_road_sign_WD8.svg,Public domain,Visual match against assignment reference sign_040: warning sign for a steep descent/downhill gradient.,visual_match_pending_stage_d_qc,4bb736689603883b643370f5ffab9ea91ab793c9f25f5a5690e72b3ced0da42f,readable_nonblank_960x960,Selected deterministically for Stage E candidate split freeze.
stage_d_steep_descent_minimum_qc,steep_descent,Steep descent,must,assignment;secondary_malaysia,50,16,accept,source_mapping_plus_stage_d_sanity_and_contact_sheet,accepted_first_pass_visual_qc,data/raw/manual_collection/stage_c_manual_01/steep_descent/crops/MAN01-SD-0034_controlled_from_MAN01-SD-0006.jpg,acab0dc25dd461e6d2340e3723eb54e04bfe53e32ab28d9cedea7e0167dd3620,640,640,stage_c_manual_01_real_commons,controlled_visual_augmentation_from_real_photo,,File:Steep hill sign on Hebden Road - geograph.org.uk - 7568455.jpg :: controlled variant,https://commons.wikimedia.org/wiki/File:Steep_hill_sign_on_Hebden_Road_-_geograph.org.uk_-_7568455.jpg,Wikimedia Commons source; see Commons page,Visual match against assignment reference sign_040: warning sign for a steep descent/downhill gradient.,visual_match_pending_stage_d_qc,598672dc92d24ebaf8427c809f8abaaf33174137523708871f4cecd0c00107ec,readable_nonblank_640x640,Selected deterministically for Stage E candidate split freeze.
stage_d_steep_descent_minimum_qc,steep_descent,Steep descent,must,assignment;secondary_malaysia,50,17,accept,source_mapping_plus_stage_d_sanity_and_contact_sheet,accepted_first_pass_visual_qc,data/raw/manual_collection/stage_c_manual_01/steep_descent/crops/MAN01-SD-0007_Steep_hill_sign_Woodhall_Road_-_geograph.org.uk_-_7199337.jpg.jpg,305bc48f6b60314bc289b10c0f5f74223a65be003942a75aee937567cbb5523a,243,243,stage_c_manual_01_real_commons,real_road_photo_visual_match,,"File:Steep hill sign, Woodhall Road - geograph.org.uk - 7199337.jpg",https://commons.wikimedia.org/wiki/File:Steep_hill_sign%2C_Woodhall_Road_-_geograph.org.uk_-_7199337.jpg,Wikimedia Commons source; see Commons page,Visual match against assignment reference sign_040: warning sign for a steep descent/downhill gradient.,visual_match_pending_stage_d_qc,698140f57b1917ddb982df2784654cb3569537d4a9f952b867b55909d8b246a0,readable_nonblank_243x243,Selected deterministically for Stage E candidate split freeze.
stage_d_steep_descent_minimum_qc,steep_descent,Steep descent,must,assignment;secondary_malaysia,50,18,accept,source_mapping_plus_stage_d_sanity_and_contact_sheet,accepted_first_pass_visual_qc,data/raw/manual_collection/stage_c_manual_01/steep_descent/crops/MAN01-SD-0047_controlled_from_MAN01-SD-0007.jpg,19e237594dbe2c6c267e93b6065706e8cf1bd9143fe909b785260957f35a6e00,640,640,stage_c_manual_01_real_commons,controlled_visual_augmentation_from_real_photo,,"File:Steep hill sign, Woodhall Road - geograph.org.uk - 7199337.jpg :: controlled variant",https://commons.wikimedia.org/wiki/File:Steep_hill_sign%2C_Woodhall_Road_-_geograph.org.uk_-_7199337.jpg,Wikimedia Commons source; see Commons page,Visual match against assignment reference sign_040: warning sign for a steep descent/downhill gradient.,visual_match_pending_stage_d_qc,7166338b46d2825d846d3fb393a9336037b2c6d7b442cfe533ced7a0511fc82c,readable_nonblank_640x640,Selected deterministically for Stage E candidate split freeze.
stage_d_steep_descent_minimum_qc,steep_descent,Steep descent,must,assignment;secondary_malaysia,50,19,accept,source_mapping_plus_stage_d_sanity_and_contact_sheet,accepted_first_pass_visual_qc,data/raw/manual_collection/stage_c_manual_01/steep_descent/crops/MAN01-SD-0031_controlled_from_MAN01-SD-0002.jpg,c6ef638321499d7bc42ac92ee7936d9ceaf4189aa5f97aaaef739d46c0bc18ad,640,640,stage_c_manual_01_real_commons,controlled_visual_augmentation_from_real_photo,,File:Steep descent ahead (geograph 5197652).jpg :: controlled variant,https://commons.wikimedia.org/wiki/File:Steep_descent_ahead_(geograph_5197652).jpg,Wikimedia Commons source; see Commons page,Visual match against assignment reference sign_040: warning sign for a steep descent/downhill gradient.,visual_match_pending_stage_d_qc,71bfc7edd67793647a6dbfdf1810e098846fbbefd2ea3a578bc4d1741ebd8d3a,readable_nonblank_640x640,Selected deterministically for Stage E candidate split freeze.
stage_d_steep_descent_minimum_qc,steep_descent,Steep descent,must,assignment;secondary_malaysia,50,20,accept,source_mapping_plus_stage_d_sanity_and_contact_sheet,accepted_first_pass_visual_qc,data/raw/manual_collection/stage_c_manual_01/steep_descent/crops/MAN01-SD-0001_Warning_sign_-_steep_descent_ahead_Brecon_Road_Ystradgynlais_-_geograph.org.uk_-_6853911.jpg.jpg,938fd0fd6b4a7bf755cea7c6c6c378fb28736473552aeb5307be6ac574a27b94,680,680,stage_c_manual_01_real_commons,real_road_photo_visual_match,,"File:Warning sign - steep descent ahead, Brecon Road, Ystradgynlais - geograph.org.uk - 6853911.jpg",https://commons.wikimedia.org/wiki/File:Warning_sign_-_steep_descent_ahead%2C_Brecon_Road%2C_Ystradgynlais_-_geograph.org.uk_-_6853911.jpg,Wikimedia Commons source; see Commons page,Visual match against assignment reference sign_040: warning sign for a steep descent/downhill gradient.,visual_match_pending_stage_d_qc,7781f8f3c25b3857af61e5b053f4da87d72d00d4b3e59d4013774216600d9ed6,readable_nonblank_680x680,Selected deterministically for Stage E candidate split freeze.
stage_d_steep_descent_minimum_qc,steep_descent,Steep descent,must,assignment;secondary_malaysia,50,21,accept,source_mapping_plus_stage_d_sanity_and_contact_sheet,accepted_first_pass_visual_qc,data/raw/manual_collection/stage_c_manual_01/steep_descent/crops/MAN01-SD-0045_controlled_from_MAN01-SD-0005.jpg,7d92bf2f5db0b3cf8d1a4b88623eee804207a3a759a1c898144079c9601238c6,640,640,stage_c_manual_01_real_commons,controlled_visual_augmentation_from_real_photo,,File:Steep hill down from Cudham - geograph.org.uk - 4519325.jpg :: controlled variant,https://commons.wikimedia.org/wiki/File:Steep_hill_down_from_Cudham_-_geograph.org.uk_-_4519325.jpg,Wikimedia Commons source; see Commons page,Visual match against assignment reference sign_040: warning sign for a steep descent/downhill gradient.,visual_match_pending_stage_d_qc,79d81c4ef9d90677487529f2f2eac8ece91558285f5bdbef39a79b492e19c9f3,readable_nonblank_640x640,Selected deterministically for Stage E candidate split freeze.
stage_d_steep_descent_minimum_qc,steep_descent,Steep descent,must,assignment;secondary_malaysia,50,22,accept,source_mapping_plus_stage_d_sanity_and_contact_sheet,accepted_first_pass_visual_qc,data/raw/manual_collection/stage_c_manual_01/steep_descent/crops/MAN01-SD-0039_controlled_from_MAN01-SD-0005.jpg,51cffd7526979b18452ad6a38193a713e3a8b3729aefe8d90a085da46d3b8be4,640,640,stage_c_manual_01_real_commons,controlled_visual_augmentation_from_real_photo,,File:Steep hill down from Cudham - geograph.org.uk - 4519325.jpg :: controlled variant,https://commons.wikimedia.org/wiki/File:Steep_hill_down_from_Cudham_-_geograph.org.uk_-_4519325.jpg,Wikimedia Commons source; see Commons page,Visual match against assignment reference sign_040: warning sign for a steep descent/downhill gradient.,visual_match_pending_stage_d_qc,864f91318e609e03ea291d2e1e7ea970b9fa1693509433148ff5abc1248799db,readable_nonblank_640x640,Selected deterministically for Stage E candidate split freeze.
stage_d_steep_descent_minimum_qc,steep_descent,Steep descent,must,assignment;secondary_malaysia,50,23,accept,source_mapping_plus_stage_d_sanity_and_contact_sheet,accepted_first_pass_visual_qc,data/raw/manual_collection/stage_c_manual_01/steep_descent/crops/MAN01-SD-0037_controlled_from_MAN01-SD-0002.jpg,b5c67a87376eb9dac3fccf9ab6ccb710b5e52faaab105dcb0f6b358ea934ab0a,640,640,stage_c_manual_01_real_commons,controlled_visual_augmentation_from_real_photo,,File:Steep descent ahead (geograph 5197652).jpg :: controlled variant,https://commons.wikimedia.org/wiki/File:Steep_descent_ahead_(geograph_5197652).jpg,Wikimedia Commons source; see Commons page,Visual match against assignment reference sign_040: warning sign for a steep descent/downhill gradient.,visual_match_pending_stage_d_qc,8a5b250097366bfc997bbfa3e3907dce3937d30a3548117cf7cc137a737361e6,readable_nonblank_640x640,Selected deterministically for Stage E candidate split freeze.
stage_d_steep_descent_minimum_qc,steep_descent,Steep descent,must,assignment;secondary_malaysia,50,24,accept,source_mapping_plus_stage_d_sanity_and_contact_sheet,accepted_first_pass_visual_qc,data/raw/manual_collection/stage_c_manual_01/steep_descent/crops/MAN01-SD-0033_controlled_from_MAN01-SD-0005.jpg,e4628cd0d78b681dd144afa5628d35f6aa0c8cc055721a4e50ec05c7beef45f4,640,640,stage_c_manual_01_real_commons,controlled_visual_augmentation_from_real_photo,,File:Steep hill down from Cudham - geograph.org.uk - 4519325.jpg :: controlled variant,https://commons.wikimedia.org/wiki/File:Steep_hill_down_from_Cudham_-_geograph.org.uk_-_4519325.jpg,Wikimedia Commons source; see Commons page,Visual match against assignment reference sign_040: warning sign for a steep descent/downhill gradient.,visual_match_pending_stage_d_qc,9242101905b1685990f84ef6a5f27c8fe6c2656ed659569bbf17611d3495e664,readable_nonblank_640x640,Selected deterministically for Stage E candidate split freeze.
stage_d_steep_descent_minimum_qc,steep_descent,Steep descent,must,assignment;secondary_malaysia,50,25,accept,source_mapping_plus_stage_d_sanity_and_contact_sheet,accepted_first_pass_visual_qc,data/raw/manual_collection/stage_c_manual_01/steep_descent/crops/MAN01-SD-0016_controlled_from_MAN01-SD-0006.jpg,023c7dcf84e1bbbf33162a4a109553d3cbfd4711f54c84e46e9373f59afb1eee,640,640,stage_c_manual_01_real_commons,controlled_visual_augmentation_from_real_photo,,File:Steep hill sign on Hebden Road - geograph.org.uk - 7568455.jpg :: controlled variant,https://commons.wikimedia.org/wiki/File:Steep_hill_sign_on_Hebden_Road_-_geograph.org.uk_-_7568455.jpg,Wikimedia Commons source; see Commons page,Visual match against assignment reference sign_040: warning sign for a steep descent/downhill gradient.,visual_match_pending_stage_d_qc,934b96e11b8bad1d4b3887c56eb97903980d6cda723921c2993794bbe29e56ce,readable_nonblank_640x640,Selected deterministically for Stage E candidate split freeze.
stage_d_steep_descent_minimum_qc,steep_descent,Steep descent,must,assignment;secondary_malaysia,50,26,accept,source_mapping_plus_stage_d_sanity_and_contact_sheet,accepted_first_pass_visual_qc,data/raw/manual_collection/stage_c_manual_01/steep_descent/crops/MAN01-SD-0051_controlled_from_MAN01-SD-0011.jpg,7eccbcb9c5acb0c3791a2344229d8c9806a815b84533c937f87e4bd1f6a36fb8,640,640,stage_c_manual_01_real_commons,controlled_visual_augmentation_from_exact_reference,,TT100K w25 legend steep-descent icon :: controlled variant,data/raw/manual_collection/stage_c_manual_01/steep_descent/crops/MAN01-SD-0011_TT100K_w25_legend_steep-descent_icon.jpg,local_reference,Visual match against assignment reference sign_040: warning sign for a steep descent/downhill gradient.,visual_match_pending_stage_d_qc,9c9af0867ca14ba0615f127aa3b84c513f042b9afc833c9ca1e890c729b8bc80,readable_nonblank_640x640,Selected deterministically for Stage E candidate split freeze.
stage_d_steep_descent_minimum_qc,steep_descent,Steep descent,must,assignment;secondary_malaysia,50,27,accept,source_mapping_plus_stage_d_sanity_and_contact_sheet,accepted_first_pass_visual_qc,data/raw/manual_collection/stage_c_manual_01/steep_descent/crops/MAN01-SD-0028_controlled_from_MAN01-SD-0006.jpg,9b722aae6bee7e86cc966700b42b0b0abbaa759d800eb186fb4153ad15a6167b,640,640,stage_c_manual_01_real_commons,controlled_visual_augmentation_from_real_photo,,File:Steep hill sign on Hebden Road - geograph.org.uk - 7568455.jpg :: controlled variant,https://commons.wikimedia.org/wiki/File:Steep_hill_sign_on_Hebden_Road_-_geograph.org.uk_-_7568455.jpg,Wikimedia Commons source; see Commons page,Visual match against assignment reference sign_040: warning sign for a steep descent/downhill gradient.,visual_match_pending_stage_d_qc,a3e091ae85902743432b87e723c3ba3dba2b499a2427c3098e4520fbc77554e1,readable_nonblank_640x640,Selected deterministically for Stage E candidate split freeze.
stage_d_steep_descent_minimum_qc,steep_descent,Steep descent,must,assignment;secondary_malaysia,50,28,accept,source_mapping_plus_stage_d_sanity_and_contact_sheet,accepted_first_pass_visual_qc,data/raw/manual_collection/stage_c_manual_01/steep_descent/crops/MAN01-SD-0013_controlled_from_MAN01-SD-0002.jpg,3764e426e387791caf8c2e3e4849c2b41869d2f0b4bfed5cc215e763820bee69,640,640,stage_c_manual_01_real_commons,controlled_visual_augmentation_from_real_photo,,File:Steep descent ahead (geograph 5197652).jpg :: controlled variant,https://commons.wikimedia.org/wiki/File:Steep_descent_ahead_(geograph_5197652).jpg,Wikimedia Commons source; see Commons page,Visual match against assignment reference sign_040: warning sign for a steep descent/downhill gradient.,visual_match_pending_stage_d_qc,a5e7de4ccd8ecae2e9efc404b369bd8602a0e9c98ea5921358427930ad0f637f,readable_nonblank_640x640,Selected deterministically for Stage E candidate split freeze.
stage_d_steep_descent_minimum_qc,steep_descent,Steep descent,must,assignment;secondary_malaysia,50,29,accept,source_mapping_plus_stage_d_sanity_and_contact_sheet,accepted_first_pass_visual_qc,data/raw/manual_collection/stage_c_manual_01/steep_descent/crops/MAN01-SD-0043_controlled_from_MAN01-SD-0002.jpg,f88dd385df10018567515c50af3071c2b270aee5744dd89d9736e518736736ee,640,640,stage_c_manual_01_real_commons,controlled_visual_augmentation_from_real_photo,,File:Steep descent ahead (geograph 5197652).jpg :: controlled variant,https://commons.wikimedia.org/wiki/File:Steep_descent_ahead_(geograph_5197652).jpg,Wikimedia Commons source; see Commons page,Visual match against assignment reference sign_040: warning sign for a steep descent/downhill gradient.,visual_match_pending_stage_d_qc,a6f859ec0a954c6263ab4423e8ceed708fd958aae1d2d3bce6504ba96f0801c1,readable_nonblank_640x640,Selected deterministically for Stage E candidate split freeze.
stage_d_steep_descent_minimum_qc,steep_descent,Steep descent,must,assignment;secondary_malaysia,50,30,accept,source_mapping_plus_stage_d_sanity_and_contact_sheet,accepted_first_pass_visual_qc,data/raw/manual_collection/stage_c_manual_01/steep_descent/crops/MAN01-SD-0036_controlled_from_MAN01-SD-0001.jpg,6309fc0963d191c6d47ff898161b8ae443cd6974dcf1bde7b3224f29d56f0a5d,640,640,stage_c_manual_01_real_commons,controlled_visual_augmentation_from_real_photo,,"File:Warning sign - steep descent ahead, Brecon Road, Ystradgynlais - geograph.org.uk - 6853911.jpg :: controlled variant",https://commons.wikimedia.org/wiki/File:Warning_sign_-_steep_descent_ahead%2C_Brecon_Road%2C_Ystradgynlais_-_geograph.org.uk_-_6853911.jpg,Wikimedia Commons source; see Commons page,Visual match against assignment reference sign_040: warning sign for a steep descent/downhill gradient.,visual_match_pending_stage_d_qc,b2e79e50fe9ad6dc8b723e696e4fdcebbc9fe4a0753b3cff09874a996013cf0e,readable_nonblank_640x640,Selected deterministically for Stage E candidate split freeze.
stage_d_steep_descent_minimum_qc,steep_descent,Steep descent,must,assignment;secondary_malaysia,50,31,accept,source_mapping_plus_stage_d_sanity_and_contact_sheet,accepted_first_pass_visual_qc,data/raw/manual_collection/stage_c_manual_01/steep_descent/crops/MAN01-SD-0042_controlled_from_MAN01-SD-0001.jpg,1166efe6e6ebdcda156b15e99315067c207a3c5673a448b04836f43a09000363,640,640,stage_c_manual_01_real_commons,controlled_visual_augmentation_from_real_photo,,"File:Warning sign - steep descent ahead, Brecon Road, Ystradgynlais - geograph.org.uk - 6853911.jpg :: controlled variant",https://commons.wikimedia.org/wiki/File:Warning_sign_-_steep_descent_ahead%2C_Brecon_Road%2C_Ystradgynlais_-_geograph.org.uk_-_6853911.jpg,Wikimedia Commons source; see Commons page,Visual match against assignment reference sign_040: warning sign for a steep descent/downhill gradient.,visual_match_pending_stage_d_qc,b37f2a6f800a579e7893d2b3fdf6c6fd7b0c552d73bafa1de6b905f1c9dfa67d,readable_nonblank_640x640,Selected deterministically for Stage E candidate split freeze.
stage_d_steep_descent_minimum_qc,steep_descent,Steep descent,must,assignment;secondary_malaysia,50,32,accept,source_mapping_plus_stage_d_sanity_and_contact_sheet,accepted_first_pass_visual_qc,data/raw/manual_collection/stage_c_manual_01/steep_descent/crops/MAN01-SD-0018_controlled_from_MAN01-SD-0001.jpg,70510307d0ac55682a396c7170594b43281f295426605a9dfd994704fcc014f8,640,640,stage_c_manual_01_real_commons,controlled_visual_augmentation_from_real_photo,,"File:Warning sign - steep descent ahead, Brecon Road, Ystradgynlais - geograph.org.uk - 6853911.jpg :: controlled variant",https://commons.wikimedia.org/wiki/File:Warning_sign_-_steep_descent_ahead%2C_Brecon_Road%2C_Ystradgynlais_-_geograph.org.uk_-_6853911.jpg,Wikimedia Commons source; see Commons page,Visual match against assignment reference sign_040: warning sign for a steep descent/downhill gradient.,visual_match_pending_stage_d_qc,b8cc267ff020ce77ef16cc6b74b9fad51957ea433602a5a1cb7a34a63e7dd42e,readable_nonblank_640x640,Selected deterministically for Stage E candidate split freeze.
stage_d_steep_descent_minimum_qc,steep_descent,Steep descent,must,assignment;secondary_malaysia,50,33,accept,source_mapping_plus_stage_d_sanity_and_contact_sheet,accepted_first_pass_visual_qc,data/raw/manual_collection/stage_c_manual_01/steep_descent/crops/MAN01-SD-0019_controlled_from_MAN01-SD-0002.jpg,6a03414163843e528f49bfb961837c5c1cb45cf21ba02884ffa5bd57d9725ba3,640,640,stage_c_manual_01_real_commons,controlled_visual_augmentation_from_real_photo,,File:Steep descent ahead (geograph 5197652).jpg :: controlled variant,https://commons.wikimedia.org/wiki/File:Steep_descent_ahead_(geograph_5197652).jpg,Wikimedia Commons source; see Commons page,Visual match against assignment reference sign_040: warning sign for a steep descent/downhill gradient.,visual_match_pending_stage_d_qc,ba71841724c8641297b379b38c138120731a3796270e7c366db17601fd769fef,readable_nonblank_640x640,Selected deterministically for Stage E candidate split freeze.
stage_d_steep_descent_minimum_qc,steep_descent,Steep descent,must,assignment;secondary_malaysia,50,34,accept,source_mapping_plus_stage_d_sanity_and_contact_sheet,accepted_first_pass_visual_qc,data/raw/manual_collection/stage_c_manual_01/steep_descent/crops/MAN01-SD-0006_Steep_hill_sign_on_Hebden_Road_-_geograph.org.uk_-_7568455.jpg.jpg,a402b9ee97464af8c7f958748849125b9cc1ff1edfa48c44080ee054bae91f59,115,115,stage_c_manual_01_real_commons,real_road_photo_visual_match,,File:Steep hill sign on Hebden Road - geograph.org.uk - 7568455.jpg,https://commons.wikimedia.org/wiki/File:Steep_hill_sign_on_Hebden_Road_-_geograph.org.uk_-_7568455.jpg,Wikimedia Commons source; see Commons page,Visual match against assignment reference sign_040: warning sign for a steep descent/downhill gradient.,visual_match_pending_stage_d_qc,be5bb6d26e5f8b5fce9c14a4c96678a23fca556f598d5cf8b09af46080e0e48c,readable_nonblank_115x115,Selected deterministically for Stage E candidate split freeze.
stage_d_steep_descent_minimum_qc,steep_descent,Steep descent,must,assignment;secondary_malaysia,50,35,accept,source_mapping_plus_stage_d_sanity_and_contact_sheet,accepted_first_pass_visual_qc,data/raw/manual_collection/stage_c_manual_01/steep_descent/crops/MAN01-SD-0009_Cerun_menurun.png.jpg,80d9f8bc1df6709b896d7a196a3d55541b35d8007ddf7791ea6e285714654c22,361,361,stage_c_manual_01_real_commons,malaysia_reference_diagram,,File:Cerun menurun.png,https://commons.wikimedia.org/wiki/File:Cerun_menurun.png,CC BY-SA 3.0 (https://creativecommons.org/licenses/by-sa/3.0),Visual match against assignment reference sign_040: warning sign for a steep descent/downhill gradient.,visual_match_pending_stage_d_qc,bec3c1d3f1f1c490661a9050b4d9464e2c6b3babc818d2ebdbdf8f08fa34175c,readable_nonblank_361x361,Selected deterministically for Stage E candidate split freeze.
stage_d_steep_descent_minimum_qc,steep_descent,Steep descent,must,assignment;secondary_malaysia,50,36,accept,source_mapping_plus_stage_d_sanity_and_contact_sheet,accepted_first_pass_visual_qc,data/raw/manual_collection/stage_c_manual_01/steep_descent/crops/MAN01-SD-0025_controlled_from_MAN01-SD-0002.jpg,c0ef15212265291e8c257e2ff11d918d752519757572d8013d7b34129ec46adc,640,640,stage_c_manual_01_real_commons,controlled_visual_augmentation_from_real_photo,,File:Steep descent ahead (geograph 5197652).jpg :: controlled variant,https://commons.wikimedia.org/wiki/File:Steep_descent_ahead_(geograph_5197652).jpg,Wikimedia Commons source; see Commons page,Visual match against assignment reference sign_040: warning sign for a steep descent/downhill gradient.,visual_match_pending_stage_d_qc,c0ef15212265291e8c257e2ff11d918d752519757572d8013d7b34129ec46adc,readable_nonblank_640x640,Selected deterministically for Stage E candidate split freeze.
stage_d_steep_descent_minimum_qc,steep_descent,Steep descent,must,assignment;secondary_malaysia,50,37,accept,source_mapping_plus_stage_d_sanity_and_contact_sheet,accepted_first_pass_visual_qc,data/raw/manual_collection/stage_c_manual_01/steep_descent/crops/MAN01-SD-0029_controlled_from_MAN01-SD-0007.jpg,fe6c136c7be19913fe317511f9ecc5b771b219e0880e361ff55656b831aeb18e,640,640,stage_c_manual_01_real_commons,controlled_visual_augmentation_from_real_photo,,"File:Steep hill sign, Woodhall Road - geograph.org.uk - 7199337.jpg :: controlled variant",https://commons.wikimedia.org/wiki/File:Steep_hill_sign%2C_Woodhall_Road_-_geograph.org.uk_-_7199337.jpg,Wikimedia Commons source; see Commons page,Visual match against assignment reference sign_040: warning sign for a steep descent/downhill gradient.,visual_match_pending_stage_d_qc,c2d41f3639fa8dc4eb13f64b6b873a255f6faeb4efeb3fc20ce547166fb58e38,readable_nonblank_640x640,Selected deterministically for Stage E candidate split freeze.
stage_d_steep_descent_minimum_qc,steep_descent,Steep descent,must,assignment;secondary_malaysia,50,38,accept,source_mapping_plus_stage_d_sanity_and_contact_sheet,accepted_first_pass_visual_qc,data/raw/manual_collection/stage_c_manual_01/steep_descent/crops/MAN01-SD-0011_TT100K_w25_legend_steep-descent_icon.jpg,172fbab143dfdbfb52417e0eefaa57b2a6fce69c938e0e365c072ed6406fd04f,128,128,stage_c_manual_01_real_commons,dataset_legend_reference_icon,,TT100K w25 legend steep-descent icon,data/raw/online_sources/tt100k_legend_icons/w25.png,local_reference,Visual match against assignment reference sign_040: warning sign for a steep descent/downhill gradient.,visual_match_pending_stage_d_qc,c2d749a7ff0682ab4232b0d72f72786320aa6116c731c80fcb192a94015d2a34,readable_nonblank_128x128,Selected deterministically for Stage E candidate split freeze.
stage_d_steep_descent_minimum_qc,steep_descent,Steep descent,must,assignment;secondary_malaysia,50,39,accept,source_mapping_plus_stage_d_sanity_and_contact_sheet,accepted_first_pass_visual_qc,data/raw/manual_collection/stage_c_manual_01/steep_descent/crops/MAN01-SD-0027_controlled_from_MAN01-SD-0005.jpg,631387ed9ab7d37ab507b3920b5de2def39420de10e80479ed3bd576729d7aca,640,640,stage_c_manual_01_real_commons,controlled_visual_augmentation_from_real_photo,,File:Steep hill down from Cudham - geograph.org.uk - 4519325.jpg :: controlled variant,https://commons.wikimedia.org/wiki/File:Steep_hill_down_from_Cudham_-_geograph.org.uk_-_4519325.jpg,Wikimedia Commons source; see Commons page,Visual match against assignment reference sign_040: warning sign for a steep descent/downhill gradient.,visual_match_pending_stage_d_qc,c3e4c2da14f7b70cf175df0864921f39c3fca6947afff523cdc41e0e30316787,readable_nonblank_640x640,Selected deterministically for Stage E candidate split freeze.
stage_d_steep_descent_minimum_qc,steep_descent,Steep descent,must,assignment;secondary_malaysia,50,40,accept,source_mapping_plus_stage_d_sanity_and_contact_sheet,accepted_first_pass_visual_qc,data/raw/manual_collection/stage_c_manual_01/steep_descent/crops/MAN01-SD-0041_controlled_from_MAN01-SD-0007.jpg,8cf00aa2df247b3d858626e88059c9631f490433069d2f34e523accf2eced912,640,640,stage_c_manual_01_real_commons,controlled_visual_augmentation_from_real_photo,,"File:Steep hill sign, Woodhall Road - geograph.org.uk - 7199337.jpg :: controlled variant",https://commons.wikimedia.org/wiki/File:Steep_hill_sign%2C_Woodhall_Road_-_geograph.org.uk_-_7199337.jpg,Wikimedia Commons source; see Commons page,Visual match against assignment reference sign_040: warning sign for a steep descent/downhill gradient.,visual_match_pending_stage_d_qc,c5fb3a760cafaaef1978b727a798eef3aeaa0a40c249c54e4b28f264c4766687,readable_nonblank_640x640,Selected deterministically for Stage E candidate split freeze.
stage_d_steep_descent_minimum_qc,steep_descent,Steep descent,must,assignment;secondary_malaysia,50,41,accept,source_mapping_plus_stage_d_sanity_and_contact_sheet,accepted_first_pass_visual_qc,data/raw/manual_collection/stage_c_manual_01/steep_descent/crops/MAN01-SD-0044_controlled_from_MAN01-SD-0004.jpg,18dc0583c1707f8410677ae7d1bd928036b9f3f52d5cc17ddf966ca8faab5579,640,640,stage_c_manual_01_real_commons,controlled_visual_augmentation_from_real_photo,,"File:""Steep hill down"" road sign, Republic of Ireland - geograph.org.uk - 3041124.jpg :: controlled variant",https://commons.wikimedia.org/wiki/File:%22Steep_hill_down%22_road_sign%2C_Republic_of_Ireland_-_geograph.org.uk_-_3041124.jpg,Wikimedia Commons source; see Commons page,Visual match against assignment reference sign_040: warning sign for a steep descent/downhill gradient.,visual_match_pending_stage_d_qc,ca87b27f3d4b5c280d366b619f8e12718e48384d009989538f797fd12974afb2,readable_nonblank_640x640,Selected deterministically for Stage E candidate split freeze.
stage_d_steep_descent_minimum_qc,steep_descent,Steep descent,must,assignment;secondary_malaysia,50,42,accept,source_mapping_plus_stage_d_sanity_and_contact_sheet,accepted_first_pass_visual_qc,data/raw/manual_collection/stage_c_manual_01/steep_descent/crops/MAN01-SD-0023_controlled_from_MAN01-SD-0007.jpg,706c64029c9b78869cb5f78cfb842d586fa75c72734f2f7276327348d51c54bb,640,640,stage_c_manual_01_real_commons,controlled_visual_augmentation_from_real_photo,,"File:Steep hill sign, Woodhall Road - geograph.org.uk - 7199337.jpg :: controlled variant",https://commons.wikimedia.org/wiki/File:Steep_hill_sign%2C_Woodhall_Road_-_geograph.org.uk_-_7199337.jpg,Wikimedia Commons source; see Commons page,Visual match against assignment reference sign_040: warning sign for a steep descent/downhill gradient.,visual_match_pending_stage_d_qc,cbaec6f2e5e51ca53a9d08bfb4c3e45fc51fc4c6176e238669dbfcb5431ed8d0,readable_nonblank_640x640,Selected deterministically for Stage E candidate split freeze.
stage_d_steep_descent_minimum_qc,steep_descent,Steep descent,must,assignment;secondary_malaysia,50,43,accept,source_mapping_plus_stage_d_sanity_and_contact_sheet,accepted_first_pass_visual_qc,data/raw/manual_collection/stage_c_manual_01/steep_descent/crops/MAN01-SD-0035_controlled_from_MAN01-SD-0007.jpg,8dcdbc8be36013480f7794bf9259f6e996ae0d08f54d5fc59b894577d0d88ff5,640,640,stage_c_manual_01_real_commons,controlled_visual_augmentation_from_real_photo,,"File:Steep hill sign, Woodhall Road - geograph.org.uk - 7199337.jpg :: controlled variant",https://commons.wikimedia.org/wiki/File:Steep_hill_sign%2C_Woodhall_Road_-_geograph.org.uk_-_7199337.jpg,Wikimedia Commons source; see Commons page,Visual match against assignment reference sign_040: warning sign for a steep descent/downhill gradient.,visual_match_pending_stage_d_qc,cdc9e923c724461b3f81a75f9addbda21a90ed60b352c9485beb1f79221fc542,readable_nonblank_640x640,Selected deterministically for Stage E candidate split freeze.
stage_d_steep_descent_minimum_qc,steep_descent,Steep descent,must,assignment;secondary_malaysia,50,44,accept,source_mapping_plus_stage_d_sanity_and_contact_sheet,accepted_first_pass_visual_qc,data/raw/manual_collection/stage_c_manual_01/steep_descent/crops/MAN01-SD-0020_controlled_from_MAN01-SD-0004.jpg,2af9e8d24228e5328cbd771dfccda35e8f01425bc214052cc15c02423bdb72cc,640,640,stage_c_manual_01_real_commons,controlled_visual_augmentation_from_real_photo,,"File:""Steep hill down"" road sign, Republic of Ireland - geograph.org.uk - 3041124.jpg :: controlled variant",https://commons.wikimedia.org/wiki/File:%22Steep_hill_down%22_road_sign%2C_Republic_of_Ireland_-_geograph.org.uk_-_3041124.jpg,Wikimedia Commons source; see Commons page,Visual match against assignment reference sign_040: warning sign for a steep descent/downhill gradient.,visual_match_pending_stage_d_qc,d188b1035f6e71c9cda78374ccfd50379acc4e57442488317e09c8a28406a84a,readable_nonblank_640x640,Selected deterministically for Stage E candidate split freeze.
stage_d_steep_descent_minimum_qc,steep_descent,Steep descent,must,assignment;secondary_malaysia,50,45,accept,source_mapping_plus_stage_d_sanity_and_contact_sheet,accepted_first_pass_visual_qc,data/raw/manual_collection/stage_c_manual_01/steep_descent/crops/MAN01-SD-0048_controlled_from_MAN01-SD-0008.jpg,ec9876c17828b4d74b766b299ffad689ab7b29c47e06d79bd7b1a9977b48836d,640,640,stage_c_manual_01_real_commons,controlled_visual_augmentation_from_exact_reference,,File:Malaysia road sign WD8.svg :: controlled variant,https://commons.wikimedia.org/wiki/File:Malaysia_road_sign_WD8.svg,Public domain,Visual match against assignment reference sign_040: warning sign for a steep descent/downhill gradient.,visual_match_pending_stage_d_qc,dac5e61b18948012615417f5c468ad8d5a5f9d35af6fa9682eeddf00bed1028d,readable_nonblank_640x640,Selected deterministically for Stage E candidate split freeze.
stage_d_steep_descent_minimum_qc,steep_descent,Steep descent,must,assignment;secondary_malaysia,50,46,accept,source_mapping_plus_stage_d_sanity_and_contact_sheet,accepted_first_pass_visual_qc,data/raw/manual_collection/stage_c_manual_01/steep_descent/crops/MAN01-SD-0004_Steep_hill_down_road_sign_Republic_of_Ireland_-_geograph.org.uk_-_3041124.jpg.jpg,d11237d077f99654a63091a1c23f93b55ea7ef362d706af250ed9ec7c7f0f45f,1157,1096,stage_c_manual_01_real_commons,real_road_photo_visual_match,,"File:""Steep hill down"" road sign, Republic of Ireland - geograph.org.uk - 3041124.jpg",https://commons.wikimedia.org/wiki/File:%22Steep_hill_down%22_road_sign%2C_Republic_of_Ireland_-_geograph.org.uk_-_3041124.jpg,Wikimedia Commons source; see Commons page,Visual match against assignment reference sign_040: warning sign for a steep descent/downhill gradient.,visual_match_pending_stage_d_qc,e8f1cdd1ebf770cb9db8b0a708cca115cbe6f67a32b18bcc0927b857bc4f9316,readable_nonblank_1157x1096,Selected deterministically for Stage E candidate split freeze.
stage_d_steep_descent_minimum_qc,steep_descent,Steep descent,must,assignment;secondary_malaysia,50,47,accept,source_mapping_plus_stage_d_sanity_and_contact_sheet,accepted_first_pass_visual_qc,data/raw/manual_collection/stage_c_manual_01/steep_descent/crops/MAN01-SD-0012_controlled_from_MAN01-SD-0001.jpg,f3bf1a664bbaa5d060c15630ae9f72e757e226896066e0b8cfdec51985e29b0e,640,640,stage_c_manual_01_real_commons,controlled_visual_augmentation_from_real_photo,,"File:Warning sign - steep descent ahead, Brecon Road, Ystradgynlais - geograph.org.uk - 6853911.jpg :: controlled variant",https://commons.wikimedia.org/wiki/File:Warning_sign_-_steep_descent_ahead%2C_Brecon_Road%2C_Ystradgynlais_-_geograph.org.uk_-_6853911.jpg,Wikimedia Commons source; see Commons page,Visual match against assignment reference sign_040: warning sign for a steep descent/downhill gradient.,visual_match_pending_stage_d_qc,f3bf1a664bbaa5d060c15630ae9f72e757e226896066e0b8cfdec51985e29b0e,readable_nonblank_640x640,Selected deterministically for Stage E candidate split freeze.
stage_d_steep_descent_minimum_qc,steep_descent,Steep descent,must,assignment;secondary_malaysia,50,48,accept,source_mapping_plus_stage_d_sanity_and_contact_sheet,accepted_first_pass_visual_qc,data/raw/manual_collection/stage_c_manual_01/steep_descent/crops/MAN01-SD-0014_controlled_from_MAN01-SD-0004.jpg,a7eff6e34e286ed024b81f8a5dd7308dcc63eb721bca484c36a41147bcd0a32c,640,640,stage_c_manual_01_real_commons,controlled_visual_augmentation_from_real_photo,,"File:""Steep hill down"" road sign, Republic of Ireland - geograph.org.uk - 3041124.jpg :: controlled variant",https://commons.wikimedia.org/wiki/File:%22Steep_hill_down%22_road_sign%2C_Republic_of_Ireland_-_geograph.org.uk_-_3041124.jpg,Wikimedia Commons source; see Commons page,Visual match against assignment reference sign_040: warning sign for a steep descent/downhill gradient.,visual_match_pending_stage_d_qc,f506b8fdcb3e3f9fa5e83fdb7f8ba324d6c58974de551ca25df237ac497c27a8,readable_nonblank_640x640,Selected deterministically for Stage E candidate split freeze.
stage_d_steep_descent_minimum_qc,steep_descent,Steep descent,must,assignment;secondary_malaysia,50,49,accept,source_mapping_plus_stage_d_sanity_and_contact_sheet,accepted_first_pass_visual_qc,data/raw/manual_collection/stage_c_manual_01/steep_descent/crops/MAN01-SD-0022_controlled_from_MAN01-SD-0006.jpg,34601d889d56bdfad5209a9d95be9da610d3addd222e30b58cd19e0d5641e158,640,640,stage_c_manual_01_real_commons,controlled_visual_augmentation_from_real_photo,,File:Steep hill sign on Hebden Road - geograph.org.uk - 7568455.jpg :: controlled variant,https://commons.wikimedia.org/wiki/File:Steep_hill_sign_on_Hebden_Road_-_geograph.org.uk_-_7568455.jpg,Wikimedia Commons source; see Commons page,Visual match against assignment reference sign_040: warning sign for a steep descent/downhill gradient.,visual_match_pending_stage_d_qc,fd4a5daa9f7e48ab54f815e1668186062eb2beff7c18135d4b220bdccbdfc8ac,readable_nonblank_640x640,Selected deterministically for Stage E candidate split freeze.
stage_d_steep_descent_minimum_qc,steep_descent,Steep descent,must,assignment;secondary_malaysia,50,50,accept,source_mapping_plus_stage_d_sanity_and_contact_sheet,accepted_first_pass_visual_qc,data/raw/manual_collection/stage_c_manual_01/steep_descent/crops/MAN01-SD-0050_controlled_from_MAN01-SD-0010.jpg,749550e9508e26236bc386bb83fcde2da3f473a4fa899d3f119291a3a30887b2,640,640,stage_c_manual_01_real_commons,controlled_visual_augmentation_from_exact_reference,,File:CN road sign 警 5-2.svg :: controlled variant,https://commons.wikimedia.org/wiki/File:CN_road_sign_%E8%AD%A6_5-2.svg,Public domain,Visual match against assignment reference sign_040: warning sign for a steep descent/downhill gradient.,visual_match_pending_stage_d_qc,ff8c6542ac1e83aef7589f70a0bd92eab8945da4329bef8d9b24d6000439a64c,readable_nonblank_640x640,Selected deterministically for Stage E candidate split freeze.
